,S&P 500,FTSE 100,Nikkei 225,Hang Seng,NIFTY 50
1990-09-30,5.156283802458694,6.064496283460008,8.240962766196846,4.0967449842585495,1.7839044796927106
1990-10-31,15.032598540098741,25.31013740748905,36.57080928077108,21.0267792520331,13.799350315777836
1990-11-30,17.71265942519409,29.63907974417562,37.5042821985764,26.85411504426479,30.596997032848293
1990-12-31,17.486637499387413,26.978055571844315,38.82561206261557,27.236734235452275,29.832815737827634
1991-01-31,17.58919583510127,26.51255215573102,38.476697573264765,26.422678041624913,30.095021238595297
1991-02-28,19.1125607950534,28.467695088804824,36.516426972668306,34.839284198569075,18.013278368834484
1991-03-31,18.718135637302513,27.99245294981757,36.23593486978991,34.40736059633353,19.846634436121114
1991-04-30,20.566841266131576,28.4269548509254,36.04268297121439,33.44466114864035,17.984508140502086
1991-05-31,20.070016987116958,28.79201086249319,37.33533669580249,31.130276095408615,16.285865140931644
1991-06-30,23.521328195440162,32.57192056827171,38.69300586454871,28.001560908432054,16.90886685043431
1991-07-31,25.273082238345,34.83049822180436,35.09761116135822,28.958853701930522,21.122799994655615
1991-08-31,24.638952791769462,35.50507280210192,35.3296870114451,31.00268835715333,15.431704001675383
1991-09-30,24.298411844641954,34.90334258203887,33.37484957224104,30.798390696128443,15.835036355798449
1991-10-31,24.481480529610266,33.23169652652725,30.59971560143071,31.489119885455718,16.172632243211748
1991-11-30,28.636727334419387,38.78543124077412,29.296918091269575,27.566286947811292,12.409234682894187
1991-12-31,25.853947033073986,35.82834888794729,26.083880772727554,32.50803479817659,11.840566919883022
1992-01-31,25.1199120628117,35.04966836457677,25.70064785670573,31.320491564440754,12.516194488638465
1992-02-29,25.11680230517698,34.56678865326741,25.635980316963558,30.242187743067383,11.670915414886363
1992-03-31,27.31091768100934,35.512609754633594,28.561717681465826,26.591120040103434,26.77234180522987
1992-04-30,36.86372837602615,44.559500298464094,18.305450304165618,30.9251627964519,16.806356079423345
1992-05-31,29.976412943940154,42.89681947416225,19.71097846231369,31.677053278101408,19.020084693231563
1992-06-30,35.41861658093367,49.95534587758226,25.817537136570866,28.2537501914778,10.872828671476087
1992-07-31,32.69106310791942,47.06992457248479,24.604177294444273,27.07668309064114,9.461940353324005
1992-08-31,32.27200825513392,47.15483871133359,16.28929868132768,26.810000174729744,11.380862694185867
1992-09-30,30.96402190715467,39.78201824729989,17.31225147542048,24.044379576874242,11.703806473982992
1992-10-31,30.542685201963337,41.31453257632326,16.086004172543745,25.491915597717075,14.025945322257483
1992-11-30,30.517010098133724,38.535321399420866,15.621295003775648,18.383462673263796,14.215111601145447
1992-12-31,29.70678873165139,36.90674305955639,16.20885298144468,17.374384146944255,14.415838769185562
1993-01-31,29.539262354420835,36.01508993770185,16.25696881768356,17.144081267810265,14.401765594481386
1993-02-28,28.943794937148283,36.05773056442245,16.314204616569672,17.213637482096043,14.146018669881588
1993-03-31,28.41412409223436,34.79036648615551,16.499214440215237,15.23097128530334,14.758435391298164
1993-04-30,25.034433225223506,33.241579367947004,14.911460663477161,16.022598132515242,15.891676050610714
1993-05-31,24.913787106348583,33.07383891342938,14.515186195471852,15.811704015162553,15.207081532018485
1993-06-30,25.05797496697715,31.85977523736487,15.030053036937618,15.674326764008084,14.963229624588692
1993-07-31,25.059588154668276,31.598614322899763,14.142536403083106,15.52391009545958,14.961570399969803
1993-08-31,26.075263004306294,33.31135982387307,15.44665768903899,16.01851844983496,13.04658679445183
1993-09-30,27.138848178614484,34.39757360367681,15.430729527979281,15.770342557170846,12.295551600330779
1993-10-31,26.88615073715228,35.8255225389099,13.021073160269426,17.18327439695392,12.786966533555443
1993-11-30,30.914577811375754,34.02295291989873,19.787438563700334,19.176046355490595,15.518842007426636
1993-12-31,28.52786805540928,38.82130334052501,23.988931761279996,26.321755743790533,15.055618280856242
1994-01-31,28.759659981647655,38.41545009826298,15.763418441758592,19.963675543160054,11.74423566225775
1994-02-28,31.582775065461554,41.97256893570558,14.27127772738277,24.88783762662524,9.437795496111157
1994-03-31,34.437312113291064,47.02821043026595,13.636947675007649,33.01127176714051,5.206941249040986
1994-04-30,34.82216952657815,46.80704980758448,13.810709188219183,30.793841539668065,5.253874931795455
1994-05-31,34.460630035312,41.4446419710796,13.653718775088763,30.16187480494533,5.582712770299825
1994-06-30,35.646637249215104,41.69080444597427,13.606748214769892,30.807633297941884,5.653717453928442
1994-07-31,36.988772824841874,43.0783542753463,12.833775666590286,30.317115492479672,5.490162802394439
1994-08-31,37.56330605392987,43.812185179943306,12.840825173871162,30.37987690768562,5.360379884002198
1994-09-30,39.59199200973749,46.54325043151037,13.588571521060977,32.1269179945638,4.8005885706579825
1994-10-31,39.86715290489361,46.46657261125179,13.803686068786858,31.469521731816073,4.913072476788716
1994-11-30,43.0303585966526,42.905534320624994,15.059745397977819,34.61786682065349,4.495203543562132
1994-12-31,42.305559871206654,43.10862688904119,14.766522134964555,34.070670332788566,4.931618138143046
1995-01-31,36.3831515817436,43.96077662628141,15.00722164609629,34.69662969702575,5.489803653070413
1995-02-28,35.87261316110789,42.993258768288676,10.647999460513557,32.832182726077306,4.215890002653433
1995-03-31,35.721130619055096,41.68145396872451,10.394111722665178,32.41742293959871,3.894073045392976
1995-04-30,35.35962245028226,41.38336988855921,10.56599363032963,30.31146749663628,4.406329110093143
1995-05-31,36.10298517878806,42.08649836704463,7.39993076672405,31.43148230977807,4.408612066516316
1995-06-30,34.49689447857372,42.60087013037553,7.449268935395259,31.60976965332725,4.80666729145709
1995-07-31,35.59754135783669,44.24408281682156,9.937431332257418,29.991111567344586,5.266072235391417
1995-08-31,35.275793867279994,43.837126076755176,9.7458055488715,29.71223668103611,5.046178316413641
1995-09-30,35.44212074992418,43.62132003351091,8.621710139421346,30.356302576951233,5.235637193267317
1995-10-31,35.362984036481926,43.56631562726352,8.604102089702437,30.203322478256776,5.37160326656222
1995-11-30,36.310686439696326,43.70320738819494,9.868992100656172,28.532218135102294,6.2476330778342914
1995-12-31,36.34240671898243,43.79779050099864,9.878593552939009,28.708383323986254,6.669355631977281
1996-01-31,39.20233014230903,43.53597534541112,10.192682560677369,28.912228646997796,5.617557964129338
1996-02-29,40.00420214153261,44.03659324257746,11.218147658803435,29.586531908922197,5.91383634414081
1996-03-31,39.417750347558275,43.210615424605066,10.44554580277638,29.55382313739533,5.073056024274103
1996-04-30,39.25064787529965,42.920699424284834,10.369107414963075,28.43437358945514,4.736691406773675
1996-05-31,37.69330213864565,40.844963886219546,10.445139666735093,28.556248202512403,4.4661334289914585
1996-06-30,37.81893856146403,40.96491587003204,9.895300652139472,28.79917800854932,4.452058293346351
1996-07-31,38.48910186596704,38.41473748502627,12.59563961420913,30.856478071059236,3.60601461072092
1996-08-31,37.98964931653902,36.895719294784115,12.726304770593089,30.745218109040774,3.2806308194944567
1996-09-30,40.26122145897577,36.266754597164855,15.18861656308964,30.693498722330435,3.777755348799716
1996-10-31,39.73771722304158,36.060040555180706,13.177043718046832,30.444765849410082,3.4526253342321844
1996-11-30,40.870513973590285,34.271572447474774,14.561778810357639,30.866159988486462,4.815301563636187
1996-12-31,42.452702581908085,31.508272796655756,17.220821794505547,30.941654451805846,4.979035325155756
1997-01-31,35.08294613934893,31.806945066182855,16.077797872413235,26.91706464591299,4.3483017920114
1997-02-28,35.24833027536456,31.823579691636926,15.249047466357812,26.814503644429333,4.16763802536032
1997-03-31,36.1553389015006,30.156306522766418,15.464938808868789,29.794666547746594,3.310697609821356
1997-04-30,37.12025187545892,30.608584200314727,16.412949673706944,28.101086813519196,4.047959454641525
1997-05-31,44.479542289194896,35.296912319937704,16.374397528570718,35.28334566039205,2.3118966612915015
1997-06-30,44.21667045146709,33.471612835713636,16.847711733797933,36.00245166940774,2.2928766275772006
1997-07-31,46.76063330983581,38.163637230368565,13.030770487363164,36.84502754233686,1.8930980949689369
1997-08-31,57.16598262584771,39.21004892883614,20.387760991464965,48.12561583473123,3.880588639652538
1997-09-30,57.5972080589098,37.24122568134741,18.60551202346159,47.489182122903095,3.997803930294519
1997-10-31,57.156927618441685,50.595306698877096,22.216103453495396,57.717693721861465,4.888028493290042
1997-11-30,50.3942778581324,48.857445391441715,22.4932254923672,57.64860429886788,5.160790775012359
1997-12-31,49.95803285434132,45.07453768672238,19.1096691255914,57.00749067096734,5.352388780241668
1998-01-31,50.02557842533669,37.83195797710464,16.827549188424996,47.29886103269833,6.22094873468656
1998-02-28,53.84488459119263,40.78177148011739,14.668045078534886,53.266485476811,10.962107305376245
1998-03-31,53.71511226813139,41.988039188443885,14.502461611776551,52.01937499768496,10.901722818948922
1998-04-30,53.1480829885944,42.384841890462376,15.4288565987033,51.13231557285503,10.149558002050906
1998-05-31,54.89721390183819,43.51141347599755,14.303001771396218,53.84407358430509,12.36205979501419
1998-06-30,51.317026620481,44.26309916572411,14.184794448885496,55.716872948278464,12.967515188393152
1998-07-31,50.889868709759746,44.218256700609615,12.485144205944753,55.90406491419433,13.129727569066596
1998-08-31,66.05419842822312,60.477903881326746,26.68646733228569,48.02145025943355,15.940281410679425
1998-09-30,61.07219168394386,53.272140098812194,25.971490918172247,47.29588650753176,15.168044696610394
1998-10-31,61.815859260321545,55.7451551466404,26.637548775754105,45.83984141938353,6.394879141695775
1998-11-30,61.772607522393585,56.62236563485492,28.52412258053898,44.35534467850094,5.721299067549657
1998-12-31,59.21181548859482,56.66162985901355,26.286405031256542,43.387183382758685,6.533962738048327
1999-01-31,59.66769195001406,55.22436050114187,24.739640614567847,40.48267818069592,5.718991947828456
1999-02-28,56.64554890733856,53.07686996772729,24.845854150160708,40.81518516897965,5.90476743730205
1999-03-31,56.135441354936965,52.36274769835671,25.91488795987271,43.75510216287131,7.438294024685577
1999-04-30,55.23237421776135,53.24425279347196,27.804714728409653,43.52968504618384,3.371265532516987
1999-05-31,55.19682962877781,56.06155979580818,29.654370896180527,45.970962089911716,1.9368285304981026
1999-06-30,57.39759870352694,52.604925567204944,30.676166592294518,46.54401668108965,2.079144265672095
1999-07-31,55.999897738710104,53.18275054238326,29.40058215812167,47.16362356599526,1.6235675748675793
1999-08-31,55.69924277452508,53.11287482764138,29.574675553985774,46.85129066989895,1.4716816670850341
1999-09-30,56.526797991921086,53.57349132374173,27.311199033118484,47.68635692569212,1.4375586521538475
1999-10-31,56.177869998180974,54.88611726223368,27.731592161370767,47.1442756445075,1.1236265574056103
1999-11-30,53.89511407396396,56.40497313044386,29.006574958995635,48.84463611913058,1.056403242087478
1999-12-31,55.24592164036293,57.42985665390153,29.024246987530432,50.64849063867458,1.1576446898343251
2000-01-31,56.88120201130991,54.78764175537435,22.155114996722848,51.50541681911604,1.0369178536202561
2000-02-29,54.47485429196178,54.16539339577703,21.938666623971535,50.083376828901926,1.1583765049820949
2000-03-31,53.23541419396969,56.11534204793227,21.635819214842666,45.87954093500376,1.4923837954983643
2000-04-30,54.257937063927656,56.834722260609325,26.415968212542772,49.23995131190046,2.1141821848785214
2000-05-31,55.53669078426753,55.28279572736802,28.332246381371938,50.99255597512502,2.3019864847963256
2000-06-30,55.41928361038495,52.34822090335395,28.370104467781722,51.10189018633545,3.1963972442152877
2000-07-31,55.9507026027964,51.61731810249508,29.153606742013103,47.338723860125086,4.745575292604675
2000-08-31,56.86201609654608,52.174292988588945,30.639014179000434,45.7760716295866,4.8929148470908785
2000-09-30,59.52784161350076,53.468466858441275,33.87591375342818,47.7348618865148,6.265916996085807
2000-10-31,60.17142292798504,50.415176760076655,36.604429950292605,50.03127423228546,8.41529833044613
2000-11-30,57.46884126667589,53.26112609697462,32.136678791222685,49.52995778148765,7.403724405448098
2000-12-31,57.58139784745261,53.406834362070946,31.26042553526086,48.251615692560115,7.4799856117985115
2001-01-31,57.719331346138404,53.03169926679998,30.943424791342423,48.619701945334604,7.652143937861478
2001-02-28,61.32381024181613,55.801761490543235,34.3206893436145,50.47880095848936,7.537754096174954
2001-03-31,65.10334137435486,57.74833788603129,26.132991564321017,58.80386057858738,11.141977810654657
2001-04-30,66.8985333381398,59.46947289315306,28.25552186314979,57.536076005077476,10.357954546786718
2001-05-31,66.52282661434757,59.46460415578987,28.356580073347683,57.502768964378824,9.956019779550374
2001-06-30,67.13622819920016,59.86810694403718,28.519808230642607,57.56265086198451,10.51833750014236
2001-07-31,67.02903390786481,60.700105473514945,30.679485240566574,59.19666569373353,11.145261353229053
2001-08-31,69.31356324920901,61.525430648643756,34.4635376296652,61.73985169359,10.290990269467759
2001-09-30,73.8090646593567,66.4260649415638,40.346979220727086,64.93687534176938,16.34446926890778
2001-10-31,72.14370789019317,66.22541169262178,40.723597305053325,63.077538406903244,17.408719913445413
2001-11-30,73.71614918683788,65.9718000431234,42.10480768311673,65.04887842857995,20.040555914659908
2001-12-31,73.59929957459204,65.90739308510774,42.062471779935365,64.93386615411103,19.99303744687748
2002-01-31,73.81985547059597,65.95069659434931,42.50618979468058,65.15350482131285,18.936945370344517
2002-02-28,72.00294246989829,65.31690092102924,40.183607752267356,64.24758054685358,18.817350497657937
2002-03-31,72.29405733620887,65.75566054158867,40.56257577334147,64.29023778936663,17.997206473284024
2002-04-30,67.79429183525697,66.32488346814452,36.52671795179937,61.97859439618507,18.070649534792683
2002-05-31,68.55469095590807,66.89024592011965,34.217552381580504,62.35444119089777,18.523571667474393
2002-06-30,70.04368006126069,68.51637224035272,38.119817774471045,62.11369753498606,14.034619536476189
2002-07-31,73.2473086474353,71.31648330839978,41.62984573550461,60.48967569557436,17.47453217288355
2002-08-31,72.68219552901228,70.64828236520825,41.20155962762303,59.57464843528588,16.160606839790226
2002-09-30,74.51176071846474,71.02163764333169,36.93158829378047,62.469070847481845,17.275270484586112
2002-10-31,73.03316736632893,67.77592908777758,29.295696762752634,62.55930590264009,17.590224767990815
2002-11-30,74.90644334354783,68.51070193666817,31.682837706228064,64.71687244354258,20.656208586759107
2002-12-31,75.61862136720852,69.55102321204843,33.32310439481808,65.97029850360336,16.795010899092443
2003-01-31,76.02432022629226,67.27071494027054,33.60948463343176,65.43548834488789,17.48278630478608
2003-02-28,74.57227958868512,66.43649397496165,33.39917970700507,64.4041984981231,17.65545650639295
2003-03-31,73.03392965369054,65.84092762213858,34.52622099108128,65.23888044732031,18.947332339661216
2003-04-30,71.91993836398602,64.28250195489713,33.89275803290358,64.7457028920255,16.867307643976748
2003-05-31,73.30659846302765,64.7453382921101,36.56666202738626,66.58682621299296,18.893613760298678
2003-06-30,73.61575561224903,64.02946298888683,37.41639041386089,65.0877287910681,20.464980635472863
2003-07-31,72.93185856841069,64.57310998798349,39.18600745493712,65.76530585469933,21.69797083907702
2003-08-31,71.65118997182392,62.72719294224793,41.83747060462528,67.09690163260376,24.45065402208848
2003-09-30,71.56703413244429,62.61114398525762,41.94348927419947,67.02710410744506,24.210824174153355
2003-10-31,71.99178384473515,63.21501439586514,43.0648632958332,68.61651763548858,26.761530572360414
2003-11-30,72.02131648075837,62.76500620720893,41.71463138689451,68.70146556356244,26.524914551652966
2003-12-31,73.14417835409172,63.253445541772535,43.51115498043403,65.79544300161527,28.594478521367982
2004-01-31,72.72354849997964,62.37481487514314,43.410605232919984,64.87533255029658,27.241377201987817
2004-02-29,72.44937067248823,62.66753547665043,43.30359575459589,65.02948584461481,25.954429674692815
2004-03-31,73.45592168482682,63.84091462181147,34.99826593621207,62.32117949091376,26.5121796533334
2004-04-30,73.55022529565754,62.14645288635284,34.88607907623994,59.13536820717413,26.3697927591923
2004-05-31,72.11473556120612,61.86858119246725,36.08826843269366,55.820987944517576,24.088370818623204
2004-06-30,72.10553128098755,61.48933472214579,34.77752737476425,56.09130959456511,23.431940345089373
2004-07-31,71.56061454263333,61.59123250712133,34.04652016809747,56.15269092382908,19.956451129034914
2004-08-31,71.18971357468544,61.73219241121419,33.56370598704016,55.52927575322863,20.036339746205055
2004-09-30,70.95775175299816,61.536994790417644,32.07307187639754,55.78112193322511,19.631897734920656
2004-10-31,70.98882877565127,61.436549912923844,32.04696999593259,55.427767076073955,19.58419516998976
2004-11-30,71.86984327564284,61.06661095703642,32.00108244976304,56.75989562697759,21.334822465959235
2004-12-31,72.66876754407932,61.769591916615084,32.75626869641638,55.1475787170588,21.86378963487109
2005-01-31,72.89100375436107,59.95295107903429,32.69277116292386,55.418378278405754,22.21593843188704
2005-02-28,72.29420459698085,60.54161384126693,33.47306563324042,55.833405651664236,22.58678821229523
2005-03-31,72.76740581926678,60.71147683694972,32.94701031521409,56.68198394502387,23.65248932315238
2005-04-30,73.663208820086,61.61547427721575,34.103082766464155,52.3761941045023,24.874797771588764
2005-05-31,73.55036654537581,61.917657412492865,34.86272617192739,50.46526519499748,25.885554512659958
2005-06-30,71.93005429205917,62.682228944958176,35.75696722011151,50.572400013576235,26.829596197790462
2005-07-31,72.39484166880948,63.644611622342204,36.52505041741158,51.466173136436,27.27565047513133
2005-08-31,71.39944736155023,63.88751462913016,34.9835374586548,51.56873879872528,27.33015900285266
2005-09-30,67.31631254487891,65.49721482216097,37.386283366657615,51.60792169054531,30.42769918581689
2005-10-31,66.86187416790696,67.11703761966079,34.75115260533619,54.002228345221205,33.14855948685393
2005-11-30,67.57515094420185,64.57049162396949,39.18972988290677,53.59310900988194,37.63284577492638
2005-12-31,66.5061924195436,65.46815902310577,39.60379340940015,50.86809770018643,38.65802677723589
2006-01-31,66.84535648270146,66.16244172079402,39.689847132774204,52.01687339363834,39.710507060265186
2006-02-28,66.96032559861165,65.97638755211707,39.19120762132914,51.87663203561059,39.59177358016013
2006-03-31,66.22194962693148,66.64382566462301,40.300060606725744,48.95834872421618,40.25843231973466
2006-04-30,66.34190621638966,66.68847605571457,38.98993046629036,48.599436491110566,40.47159083490279
2006-05-31,67.17734410168492,70.4129421738973,45.272354946431776,50.27350668790651,47.591796253289466
2006-06-30,65.40846981194545,70.56109313983298,45.35663848913881,50.272237820971185,47.62661145074604
2006-07-31,64.98099026565097,70.56669783384302,45.23690855841333,49.39059176392304,47.46720170404093
2006-08-31,65.47971784469024,68.0130963759208,45.748701819300315,49.88046522499948,47.83871577623632
2006-09-30,64.84918224649311,68.14760886861228,45.391332634472114,49.35892151472434,47.985144786633114
2006-10-31,65.43875248253867,68.68168153713032,45.438233930332096,50.1394661917167,48.232180098438235
2006-11-30,65.54460667708584,66.73372893885741,45.08158760110098,49.82278397138769,47.944417266015925
2006-12-31,65.20112643898584,67.74410464516106,45.13231058731796,51.02430386121601,44.57334089657643
2007-01-31,65.04293677694548,67.56636251789055,45.159283117344366,51.06212057480137,44.58456168044939
2007-02-28,66.21391727872883,67.34393376058215,41.417845112449605,52.30854347672291,44.59815182032699
2007-03-31,66.33220751164167,66.26551776886917,40.4071140213764,52.49902871507071,44.6877569318523
2007-04-30,66.42842435599083,66.75501134680928,39.31781797262538,52.39350037053182,45.66329173152843
2007-05-31,66.84479874098027,67.40304858703061,39.9152540895296,51.25644918350234,46.14107205778228
2007-06-30,64.08918751004714,67.77959230615598,40.189478283925496,47.18860965723675,46.62884817997702
2007-07-31,62.84524378308506,67.17151763533376,41.03327911442969,35.64662217383299,43.2492712712577
2007-08-31,62.13469200026569,67.58731372048237,40.90121221217225,34.581707480768884,43.244905833974734
2007-09-30,63.19186084754247,67.40585218673058,39.55307402771455,38.556003173524914,47.49036689949601
2007-10-31,58.59543647370495,70.21400877889207,33.870101120737836,42.68356466862004,51.31378154180932
2007-11-30,64.40991044452569,72.6857305478578,40.227136242404406,50.55629995655463,52.11370447159158
2007-12-31,64.73560476064009,73.21283661349376,40.361416151805706,49.21528667742957,45.81600936532599
2008-01-31,67.42654998335003,79.34935779136794,52.676569855191666,61.343281972311644,56.82379390439891
2008-02-29,60.90083684405949,80.39039707510518,52.71420736003834,60.37768175878835,56.09900929056886
2008-03-31,58.872092964490676,80.25609165210476,54.89167067616807,61.85831880634859,58.251773908037244
2008-04-30,59.74781409852093,81.13028977020544,58.56323844680029,64.67141998476598,58.76771392889506
2008-05-31,59.547909592490925,81.81169230350481,55.26232491260641,64.29637165238663,56.71702660949077
2008-06-30,65.71097460637316,83.08605637112719,56.845007397750926,65.55711299397852,62.892309405558
2008-07-31,66.4008593952241,78.80177411675982,57.60084719564544,65.94086506757186,59.93424439344507
2008-08-31,66.93050616852587,74.29322554830955,58.57924092045077,60.266063693403616,61.040523982120945
2008-09-30,71.46550675946027,77.34462622349814,66.36319132645504,66.50915605692829,56.305522889439416
2008-10-31,78.04466920765564,73.86406459317969,74.14663818822791,73.36054854472775,65.42026408664168
2008-11-30,72.76076732704009,74.85968502217482,72.6577696661837,74.1200179282951,66.46166738312802
2008-12-31,71.93709168103419,74.86601429188252,73.01337843650096,74.07366231533675,66.92835941235423
2009-01-31,72.24831167418716,75.56278602485051,74.00009474781125,74.62005623423042,64.96257285262048
2009-02-28,70.2598738997269,75.80953328839233,73.12258875514462,74.71508900478415,64.2918428496156
2009-03-31,70.12389765637718,74.88562399686556,74.1627303195101,74.0586582247643,65.7961216023097
2009-04-30,71.33138602875493,75.32838396972566,74.14921770642054,74.64472403473428,66.71026865517588
2009-05-31,71.09426708579005,75.15991838481125,74.48858276142096,75.3117915575753,65.45546816060748
2009-06-30,71.82627833580743,74.3997083063945,70.8190776547434,76.02998090916833,65.3154721581413
2009-07-31,72.4972781766026,74.53936278259035,70.0543833704281,76.74821382332526,65.12279861719912
2009-08-31,73.28428975980353,69.77568652461504,71.03583324688478,75.11181583982133,65.25697962142546
2009-09-30,74.2179997939596,70.11178454619039,65.83744025132884,75.74191740212002,65.92886611390647
2009-10-31,74.58270918140175,70.57025113206375,66.02062157152292,74.3205423941371,64.4107312941817
2009-11-30,72.72824751902662,71.06063523595762,61.14399113493527,75.02378689020684,65.06728833955076
2009-12-31,73.38190815660172,72.42032093478818,57.01355180244712,72.8729438898776,65.63234044455297
2010-01-31,73.65468376026764,72.71711759479922,56.970044517717696,73.3685512099085,66.24715787772098
2010-02-28,73.6467960939163,72.76136493748949,56.75614057770755,73.44209408811386,66.15920448995666
2010-03-31,74.31125835275478,73.3095646696324,57.50019927592269,71.85718554207537,66.10836685170148
2010-04-30,73.75376661316952,72.99593392773396,57.630012437535996,72.01319560784802,66.26935129475389
2010-05-31,74.84272497733136,74.34346503455244,60.04388523971522,72.63269928855891,64.08009469503106
2010-06-30,74.22197698057967,72.99226371105321,60.57548542709321,72.62272066749091,61.6904369087351
2010-07-31,74.12521330497862,72.61092298104514,61.27182423418422,72.76043708925837,60.09870636710626
2010-08-31,74.34889011210797,71.27349379987729,61.453520131223705,73.10753099603612,60.08530208991101
2010-09-30,74.99460605882999,72.35839749564359,62.35842465663776,73.40104066521498,62.01340611135373
2010-10-31,74.48462956745512,72.36214543866303,61.75497248698698,73.55042683994581,61.50299213280307
2010-11-30,75.3115309277548,71.95203490747632,56.41570746373581,74.3207134711181,61.36645319829892
2010-12-31,75.12328417411449,71.5741031244435,57.14479250589284,71.8290078547948,62.01102540969284
2011-01-31,74.53105720508675,72.33521558625023,57.837475666002234,71.42426957894654,56.85904835816409
2011-02-28,74.0702874120849,72.58438120604657,57.36065545603984,71.36522543914009,55.1241263462122
2011-03-31,74.80733666500917,73.33604776413907,53.4685562541091,72.00249540133392,50.95045984366149
2011-04-30,74.64520013055045,73.22266512230604,53.67767699294613,71.5743767626239,50.35108080443851
2011-05-31,74.70640068424046,73.29527277496562,53.810538870499016,71.33227275129097,50.5377028015507
2011-06-30,75.24395353227024,73.72512300109739,52.57209743113024,69.71565564699462,50.25796319027498
2011-07-31,75.21641158011711,73.59994105656571,52.119906678406316,69.59422560722297,50.30403795733297
2011-08-31,75.20482478719086,75.32211828867523,54.597997316994,71.22008402561164,53.00836960405317
2011-09-30,77.57267201124421,77.53318342633247,52.049925359421344,68.49148571692616,49.26391778455702
2011-10-31,78.86133686225894,79.1518647212642,52.13218283468662,70.95455389670538,53.08236134217259
2011-11-30,76.33667204763925,76.51169699447655,54.697635899055875,71.75343272474963,55.11587516793588
2011-12-31,76.52246608254225,76.68997120322281,54.87353630821783,71.65783027150398,53.71312921687643
2012-01-31,76.900798096885,75.50344059738691,55.52081214206108,72.12364699086426,54.71647626118271
2012-02-29,77.29199237712645,75.74864919077594,54.4887575989429,72.81303554329972,53.873066910366084
2012-03-31,75.8642499153972,76.1059341325216,52.9626559541929,71.85209436926881,54.26156670738214
2012-04-30,76.01023618081267,76.43015492965351,51.711927161667845,70.82663973369411,54.4762731046244
2012-05-31,76.1525965613354,77.65417360487112,55.31149351340279,72.60611449985831,55.1591264669159
2012-06-30,76.56207183251354,77.99557984547518,56.78091284340441,71.39592556451689,56.837461528145525
2012-07-31,76.61270724057421,77.62164887557282,56.03464583333972,71.36533047151946,56.88571672238585
2012-08-31,76.5650554882134,77.66902581757044,56.005330634366146,70.75226208706627,56.84327366279185
2012-09-30,77.02616200731045,76.8742409219596,55.6111329608685,70.85865982868137,56.74840644390669
2012-10-31,76.35666945515177,77.07050568594292,55.604447317457485,70.20807424259021,56.52412499002084
2012-11-30,75.3863037228052,77.42145339617909,54.924752544090616,70.28923940298078,56.860913747290276
2012-12-31,75.25251287467492,77.65867412323955,51.27455078848001,70.9552125638241,56.262452930252984
2013-01-31,75.75750767833779,77.11266154512546,52.73600501262662,71.18660502382237,54.19836121131887
2013-02-28,76.12081826700059,76.509712420369,51.495919703937865,71.2353979597922,52.257413763248906
2013-03-31,76.00531852739947,76.8747118812548,50.083920877769074,68.98892332574191,52.218474875240226
2013-04-30,76.51372077192094,74.67094175915403,47.824066673034984,68.9470706927784,53.17582674132986
2013-05-31,76.28062093048791,73.98714799744852,47.70056768240309,68.52878495035503,53.373844864092845
2013-06-30,75.81401661035143,73.30663317704715,46.753415316527494,69.25014715010572,53.52744932252218
2013-07-31,75.61525769940972,72.65342357523112,46.02906673401141,70.2599543311085,50.58898931577445
2013-08-31,75.96111439221045,73.01099249308527,46.658802482096185,68.31384444433095,51.58121119776127
2013-09-30,76.43546349087514,71.05370549660455,47.170615370601745,69.14926244238882,52.12517209198185
2013-10-31,76.85222654372062,71.5211184377337,45.07022569990142,68.1413633111055,51.308404362643124
2013-11-30,77.6978032346378,69.59059080591184,43.11431818722677,68.94026320648574,49.782724004391966
2013-12-31,77.56826484885215,69.7791414380089,42.46512225854845,67.72007866372681,49.94284772239988
2014-01-31,77.9309181968737,70.7628643977277,44.756554106768604,69.09453957532247,49.97884130426583
2014-02-28,78.07856446623455,71.08177494559567,43.33527644247426,69.22707393857173,50.63446130994025
2014-03-31,78.62694867259728,69.88399493753906,43.78686479565503,68.66348999396685,46.476424114510436
2014-04-30,78.65212754375082,68.91978286273418,43.30022615436027,68.70565411804803,46.57654363327667
2014-05-31,78.69503642965132,69.10751429464841,43.49192610597445,69.2100846391802,47.273100848979865
2014-06-30,79.03649623633997,66.89869851560391,43.40596508641545,69.08323291809828,47.01627877362782
2014-07-31,77.0542126113315,66.29104458105263,43.573119664691774,66.62125505599623,47.518532455180065
2014-08-31,75.4223811266071,66.43436957663631,43.18416096806396,66.46558225611558,47.69707000880125
2014-09-30,76.36864870885903,67.09746537381199,37.41495889662468,63.47042852173559,47.48054893778435
2014-10-31,77.04789312866582,62.7125700277704,38.04770557642632,63.575103429766045,47.9222582704307
2014-11-30,77.44684690544857,63.0743567481991,37.67694778482167,61.701542258931674,48.16398780440779
2014-12-31,77.31827047014333,63.55231992091609,37.38791049936852,61.83079443068268,48.67182646731461
2015-01-31,69.00430940148968,64.07064838551855,38.07834718260239,62.630715372790846,48.46601168726591
2015-02-28,69.45957048547517,65.24719501812758,39.4986253311544,61.2297892667988,45.32129693087873
2015-03-31,70.07425800711316,65.69324191117897,37.91731698449252,59.63699835960126,45.63841054354015
2015-04-30,70.81688623880261,67.36462602534262,38.90151946385918,50.49235697615667,36.63972350168911
2015-05-31,70.92046680414992,67.68953699056111,36.50261058418464,49.523924254245614,36.77163887442959
2015-06-30,71.23135979764612,66.24468711910099,36.75289475735226,51.72703741467861,35.64432635099146
2015-07-31,70.45599696849972,65.44947999029003,36.6379020854165,43.9475533944479,35.95270104363445
2015-08-31,73.74945506732954,67.91118962669181,43.154653168062104,53.10790259674759,38.88371089261216
2015-09-30,73.62265768698848,68.67413451371552,43.84412581885792,54.508056324419705,37.10109538432247
2015-10-31,75.59397041713073,70.2061819249736,49.02379709794313,57.46719699354288,32.35587441864354
2015-11-30,75.90374180141595,70.29386470775887,48.029556682304204,57.30937861097646,32.536892509949254
2015-12-31,76.0216067777693,70.48941806734894,48.07333231667056,56.97877866809177,32.227323323613476
2016-01-31,78.03347199226889,68.27523605213926,52.34825221404591,61.66167203279909,36.62853643864525
2016-02-29,76.5361883498149,64.67372428219782,52.34936003556434,63.32992535810889,36.09559190648406
2016-03-31,79.31987233713096,61.21717332698007,53.23139141958186,66.03646680936694,41.163396711277414
2016-04-30,79.33475328345293,61.23041332770154,53.10919611760503,65.73852995435708,41.20729256609028
2016-05-31,79.53108573077589,61.17737861819863,52.99113097542949,64.69448328565382,41.16312352585056
2016-06-30,80.74219404939315,54.8143174150471,42.97573248347434,66.01107900781722,41.492337381823766
2016-07-31,80.46839102452378,57.41923433771943,45.29720649837651,66.71998745151203,42.76296274542414
2016-08-31,79.2839270607344,57.70117120547553,45.463038455167606,66.06742531714265,42.91119613521201
2016-09-30,79.67688362473922,56.03788828141336,45.70505877326762,65.36263175213878,42.62674075774226
2016-10-31,77.36463503558268,56.01198989499498,42.26056199221393,65.68477306657037,42.989231466252754
2016-11-30,74.24810236481578,54.785728169047786,40.465341027778585,66.43732697919012,40.09145531152507
2016-12-31,74.95364219189564,51.686028932026254,41.04084497369358,62.305413169460564,39.07821137440547
2017-01-31,75.42034409667586,51.97521521035593,38.659929527317324,62.79025359375453,40.42731909176639
2017-02-28,74.63402097202102,52.149446579260996,38.01462092886453,62.89936340965433,40.75438779078711
2017-03-31,74.35159003005052,52.21994760576298,37.53534245303637,62.95242155451874,40.47571139105896
2017-04-30,74.42190277604676,50.84730817776347,37.45438632385806,62.83212046444269,40.56557877789293
2017-05-31,73.14479125057063,51.29434956709809,37.94450015610445,63.66919531654573,41.186474328733745
2017-06-30,73.13331272507828,50.983179842856394,37.31203701331135,63.33644732882344,41.4082934851401
2017-07-31,73.7130217379718,48.86049696715687,35.9387871078514,63.427969740368916,41.850313179347665
2017-08-31,74.06250081255284,48.87448237108103,36.407784667022035,61.56192774059528,41.355429103285566
2017-09-30,72.85133404994744,48.94178702945055,35.03874860946989,61.45356898892918,40.89962584306588
2017-10-31,73.2848657252673,48.562355077523996,36.994018906022916,60.79826906286014,43.03108609704174
2017-11-30,72.18289201195009,44.82382959051724,37.17574029329014,60.66128045502528,42.35004611682373
2017-12-31,71.81850572609234,43.56465394980784,36.45087370094081,60.87546935561181,42.38114267502334
2018-01-31,73.31228018531691,37.611339817660586,34.250007175801166,62.93183867578662,44.58292849197684
2018-02-28,74.7279745363047,48.94165995536694,39.490896213312745,62.84688463513479,52.88278933810877
2018-03-31,75.60033183886661,50.54820639195417,39.60908293154032,63.26863454812541,54.21952342238773
2018-04-30,69.74785179585155,51.432516728407194,42.200938115364984,62.14892197647382,56.83062442521671
2018-05-31,70.38137841467464,46.07410111795837,41.51675756569955,61.14832391578292,57.1479388843145
2018-06-30,69.94444326893905,46.1484769843866,41.36112865194258,59.426387464126385,57.403677149395584
2018-07-31,70.38110679936685,46.86179908802629,41.796360931531794,54.76684486091157,57.61664616206335
2018-08-31,67.13342044889595,41.72684888856059,42.02449686705047,54.16924157777856,56.93907899040259
2018-09-30,67.80825565191077,41.98219521743331,37.391907226729096,54.81197985933708,46.5698465347715
2018-10-31,75.09763263120341,48.59981483218979,48.42817017778544,63.43721156211384,50.12602803831469
2018-11-30,75.84396299362555,42.11625272390965,49.73765135808472,63.50589552931589,50.66781890198304
2018-12-31,75.60737563463238,47.90561660627405,56.07081084142544,60.3901349792902,44.67280854071629
2019-01-31,75.13975626368665,49.473719637086,57.745088802351894,61.916734074592874,37.176741195054596
2019-02-28,74.76326205330956,49.863750844352225,57.81924840432182,61.92583790022987,34.88138359200993
2019-03-31,75.17095558082879,50.96517510840084,54.75405056295434,61.925619135606546,34.853032296207466
2019-04-30,75.47119696444618,51.63877392539346,55.31684619017294,61.55366083282849,34.324145263326365
2019-05-31,77.04602571638507,53.4571199522619,58.66518373570828,64.02999265152809,27.869078353127207
2019-06-30,77.34010922406324,54.35546093675521,59.60714930815563,64.57629014925044,24.475549879319114
2019-07-31,76.51667585535111,51.21174760637772,59.96827063831082,64.48247835521973,20.294682621457216
2019-08-31,75.22082456675902,53.163395588354526,60.94416282043842,66.10594492061274,20.623060916707892
2019-09-30,75.28765951850318,54.16777683430682,62.016846585284966,64.9936123072858,22.00216525879185
2019-10-31,75.64230746996785,50.35318819372622,61.62596317670115,65.70623886466134,22.632099439945318
2019-11-30,74.29554069913142,50.62441907617438,62.18806094589937,63.43523931663123,22.902615654744263
2019-12-31,74.53140729590733,52.09154140795482,60.8402574284153,62.92517071415538,22.366599928622797
2020-01-31,72.28625632473754,54.00790844519463,61.29327587704937,64.12579546693165,23.96587307666227
2020-02-29,77.77140800845307,60.705397108487304,66.94492470399311,49.6437979798217,31.62940634836594
2020-03-31,82.31276733504225,77.78722149632411,62.67562776436324,56.17156228093436,57.797190023989884
2020-04-30,82.83092369993639,68.74907361701166,67.79632945199839,59.066822412298606,61.48968197329553
2020-05-31,82.92552048169513,70.0696665606421,64.79180718900304,52.84982328018475,60.27614461431157
2020-06-30,82.61182358561354,70.39969663587655,64.34580893033723,51.942470604080306,60.87396748487115
2020-07-31,80.75861213937749,66.9800623421151,63.845187233195944,52.84675165899091,58.90960199177533
2020-08-31,80.43473016194231,64.19055918303323,64.9203698221799,54.01460958500308,59.672240932571974
2020-09-30,80.91631633355695,64.40527769791493,64.4032234542217,54.04826730014922,59.495875811702184
2020-10-31,80.8468627162168,62.94787398340227,64.67245480988805,53.57033931571069,58.158972366495455
2020-11-30,80.45054117094911,67.23967189140838,68.86542117697367,56.28675950289421,61.42366065815352
2020-12-31,80.2252700437095,67.69186929814401,68.74744938164127,56.72181841726326,61.76460024498633
2021-01-31,80.17417961243358,67.93530157469989,68.95414225708394,54.946567907535695,61.387217295163495
2021-02-28,80.00997155509013,67.5635849714588,69.23670628522684,55.25514528756459,61.57740049328483
2021-03-31,79.56334754099328,66.97334707015989,69.35369174429925,53.5879623633677,61.8598964229969
2021-04-30,78.92956904720798,66.51437223527856,67.8171493084879,54.24272752722445,60.682960324650395
2021-05-31,78.66890431805416,66.71227820530527,67.44496716319902,54.37000914575967,60.30825284351493
2021-06-30,78.3696063239568,66.78377321501989,67.51890783740579,53.83869728190089,60.299173861423604
2021-07-31,75.080136417839,66.58937819722686,68.37560877622857,49.26341808469625,60.009933121206636
2021-08-31,75.48628230544712,66.74162945300716,68.78255235300901,48.10814890876379,59.782755300043064
2021-09-30,73.68069281594356,67.86807565192153,64.09190620867531,47.023010617672675,59.20823163460489
2021-10-31,71.98856055219042,68.26139718127293,62.168716026807225,47.484623352984826,58.82856509952621
2021-11-30,70.16496362975863,68.73439955918553,63.115444561544166,48.68934776445639,59.76398883438841
2021-12-31,70.78214645542087,68.76710780544242,63.79870036012498,47.368987215195155,59.40808565564404
2022-01-31,70.0823332036077,65.76483281996057,62.57224865333249,44.87406020532554,60.353246389071046
2022-02-28,70.48810428678493,63.03285889684005,62.453244903251814,45.0182074168283,61.200172046300395
2022-03-31,70.72673345430206,63.54803428724418,61.302782929246746,40.407506963596205,61.60616044446011
2022-04-30,69.157524148777,59.55534018871873,62.80701558749158,42.25167526933646,62.25993081476704
2022-05-31,68.9546580493259,58.70454016608948,61.776344988833124,42.42372940749402,61.69018760709236
2022-06-30,69.39287918646279,60.383206664350794,62.309989637906305,35.56331493223567,63.22925214104151
2022-07-31,67.4182043328216,60.69550756011779,62.79965254351647,17.204176485801536,60.31117811235902
2022-08-31,66.8290535224307,60.78195048359253,62.01234954546181,17.335221958748715,59.739600700283845
2022-09-30,72.03431444321653,64.56891542602217,67.41173227940436,26.844158242269046,55.30363904360187
2022-10-31,69.02811424769479,63.24396117925657,63.4140235130914,9.516874342432624,55.103699588802414
2022-11-30,72.24386587515566,67.77008767029594,61.021575520005555,14.214526020277884,52.32642893769148
2022-12-31,70.96152341377517,66.29823202989746,59.822716335694196,11.575610678440773,52.517025387420745
2023-01-31,72.22702381268228,68.35459900274982,61.16394680063719,13.670540036702317,48.04840474727337
2023-02-28,72.48998918510776,65.65190844473987,60.76148854608968,13.342936035078933,48.2085415060932
2023-03-31,71.98055443937714,63.44948465877436,60.32870044647607,13.13215621078646,48.20281654203504
2023-04-30,71.87272936873241,63.65191409031098,60.68268451478751,12.465954963194648,48.723669888553545
2023-05-31,72.67508666107354,59.69496966767611,52.856796000561836,13.570490136072678,49.269446031034406
2023-06-30,73.38740647126882,57.949541063845146,53.82862389628769,14.874249648260152,49.45520549589254
2023-07-31,73.8825898400421,58.48369862167486,52.632467796268735,15.568763884321534,49.836038464404794
2023-08-31,73.70658811842856,59.687170193892584,52.76001433605999,17.06980632740184,50.37284048136406
2023-09-30,72.07129389451971,56.697251041215104,53.024810396157676,17.294830035363006,49.68772880082144
2023-10-31,73.00586929474822,57.94568892023364,54.030145941289845,17.81608825180978,50.683298088064944
2023-11-30,73.63782225728538,56.650047760084796,55.71673261555951,17.23280725865498,52.34218820066287
2023-12-31,74.4521142172535,57.26031235387621,52.672685389356566,16.79796241668766,52.780378777160145
2024-01-31,73.99517596741616,56.74252638316184,46.445503226857866,16.276717398362205,52.295560463669965
2024-02-29,74.85537594040146,55.34021806770934,45.46386426922313,16.950702290263862,49.3058781176441
2024-03-31,75.41834374995055,55.53393909038859,46.122544249494275,16.617810170296586,48.738011664991966
2024-04-30,72.5408443796135,52.827465285353135,45.56979253170864,16.48855586880712,48.685009635794856
2024-05-31,72.82337660647926,53.61065250112049,45.10784192126444,16.689300773097358,48.58258573975666
2024-06-30,73.19647488838254,50.36818597709676,45.77332735118894,16.518707099313445,47.559063504695274
2024-07-31,73.47976365234894,49.766028356472056,44.05153516219944,16.116204910023203,47.05913253585807
2024-08-31,73.25450929900393,49.78779647411745,43.52446737443605,16.1676932330143,47.092206271205164
2024-09-30,73.36225020815984,43.2972624685422,43.12916806911843,13.200355854923584,47.47918098340172
2024-10-31,73.13556276239146,43.731387583244405,39.78811239345269,14.553948917896298,46.4019170123261
2024-11-30,68.7455274799776,43.30202857190749,37.265558933672,13.608440475847871,45.88341066385701
2024-12-31,68.03979785899207,43.44086675290653,32.53569486941168,12.53800491950533,44.63372861970686
2025-01-31,68.396739223806,40.87824515438157,32.421799997390636,12.190347087435672,41.88963505278569
